,Review_Date,Author,Rating,Review_Title,Review,Review_Url
0,21 July 2023,LoveofLegacy,6," Beautiful film, but so preachy
","Margot does the best with what she's given, but this film was very disappointing to me. It was marketed as a fun, quirky satire with homages to other movies. It started that way, but ended with over-dramatized speeches and an ending that clearly tried to make the audience feel something, but left everyone just feeling confused. And before you say I'm a crotchety old man, I'm a woman in my 20s, so I'm pretty sure I'm this movie's target audience. The saddest part is there were parents with their kids in the theater that were victims of the poor marketing, because this is not a kid's movie. Overall, the humor was fun on occasion and the film is beautiful to look at, but the whole concept falls apart in the second half of the film and becomes a pity party for the ""strong"" woman.",/review/rw9221648/?ref_=tt_urv
1,26 July 2023,aherdofbeautifulwildponies,6," A Hot Pink Mess
","Before making Barbie (2023), ",/review/rw9221648/?ref_=tt_urv
2,22 July 2023,imseeg,7," 3 reasons FOR seeing it and 1 reason AGAINST.
",The first reason to go see it:,/review/rw9221648/?ref_=tt_urv
3,31 July 2023,ramair350,10," As a guy I felt some discomfort, and that's ok.
","As much as it pains me to give a movie called ""Barbie"" a 10 out of 10, I have to do so. It is so brilliantly handled and finely crafted, I have to give the filmakers credit. Yes, I am somewhat conservative person and former law enforcement officer. I'm a guy. I like guy things. Hell I even enjoyed the Battleship movie a few years ago (an absolutely ridiculous but fun romp of an action film). But I also like to experience other perspectives. And man oh man does this movie deliver that in spades - pretty much encapsulated everything my wife has tried to convey about her entire career and life experience wrapped up into two hours! The humor, the sets, the acting, and the ability to weave the current narrative into the story was just perfect. I don't agree with some of the points of the movie, but again, that's ok. This movie wasn't designed to give a balanced perspective of men versus women; it is a no-holds-barred unapologetic crazy ride of a rant about the real issues that women have faced since they were ""allowed"" to have ""real jobs"" and do the same things as men. Give me a well done film that is a blast to watch, that makes you think, and that was done from a place of creativity, passion, and attention to detail, and I'll call it what it is: a 10 out of 10 masterpiece.",/review/rw9221648/?ref_=tt_urv
4,22 July 2023,Natcat87,6," Too heavy handed
","As a woman that grew up with Barbie, I was very excited for this movie. I was curious to see how they would evolve the ""stereotypical Barbie"" into something more. But the messaging in this movie was so heavy handed that it completely lost the plot. I consider myself a proponent of gender equality, and this ain't the way to get it.",/review/rw9221648/?ref_=tt_urv
5,20 July 2023,Azureus91,," I fee sorry to those who fell in the Barbenheimer trap
","To say that I was disappointed is an understatement. The movie starts fine which is more or less what was advertised in the trailers where the setting was Barbie. That was kind of fun. The problem is that the second part is just a mess in pace, it tries tooooo hard to be funny. The main message of the movie would have been great if it had been delivered properly. It was nowhere close to be succint. All Pixar movies do a better job at making their point. And for me, the worst of all, is that it tried to be controversial so hard that it became stale and dull after some minutes since everything centered around the same topic.",/review/rw9221648/?ref_=tt_urv
6,21 July 2023,Sleepin_Dragon,8," Well this really did come as a surprise.
","It pains me to say it, but I enjoyed this movie so much more then I was expecting to, musical numbers, humour, there truly is something for the whole family yo enjoy.",/review/rw9221648/?ref_=tt_urv
7,21 July 2023,G-Joshua-Benjamin,6," My mom and I saw this yesterday. Here are my thoughts.
",I don't know if I put spoilers in here. I am super worn out. Haha So I will just put that I did.,/review/rw9221648/?ref_=tt_urv
8,24 July 2023,coxaneesa,8," It was depressing
",I thought this would be so much different. The ending made me feel sad and empty. Ken and Barbie don't end up together and they made Ken seem like a complete idiot. Actually they presented men as being dumb throughout the whole movie. And I'm not a man but that's just not true. It was depressing and sad and never the way Barbie was created for. I know a lot of people won't agree with me and that's okay but it was just pointless going to see it. The only good thing is that the Barbie aesthetic was beautifully done.,/review/rw9221648/?ref_=tt_urv
9,20 July 2023,portraitofaladyonfire,6," Brilliant observations, but social depth is missing
","Greta Gerwig and Noah Baumbach have a knack for incorporating the many little observations of life, whether funny or deeply interpersonal, into a screenplay. Gerwig manages to direct them with great visuals and clever transitions.",/review/rw9221648/?ref_=tt_urv
10,20 July 2023,MissSimonetta,4," The marketing was more entertaining than the actual movie
","I went to see this today, everyone in my group dressed in pink and ready to at least be entertained by pastel-colored camp for two hours. BARBIE kind of succeeds there: I loved the costuming and sets of Barbieland, and Margot Robie is such a fantastic actress, the perfect embodiment of the optimistic, she-can-do-it-all Barbie. Ryan Gosling was a scene-stealer with his horse obsession and faux mink coat.",/review/rw9221648/?ref_=tt_urv
11,19 July 2023,HabibieHakim123,8," Barbie Is A Weirdly Fun Movie!
","8.5/10
While i'm not so sure at first, the movie kept getting even more fun, entertaining, and definitely better, also surprisingly deal with a legit serious stuff, Barbie is a weirdly fun movie that fills with this very interesting concept, definitely the first time that's ever done, Greta Gerwig has created this whole new style of filmmaking specifically for Barbie, from the intentionally weird yet creative editing, some awkward and cringe scene, i found the comedy so funny instead of cringe, Barbie is one of the most original movie of the year and also one of the most original movie i've seen in a while, we all know Margot Robbie and Ryan Gosling is gonna carry the movie and they are, but Will Ferrell, Simu Liu, and the whole rest of the cast were also great and entertaining, the soundtrack was just great, except Nicki Minaj and Ice Spice ""Barbie World"" song that are just absolutely terrible, but Billie Eilish ""What Was I Made For?"" tune that kept haunting in the background until it finally get the perfect scene to played it was really the best thing because that song was just beautiful and emotional, anyway, Barbie is a lot of fun, while there is still some noticeable flawed, most of them i found it funny, entertaining, colourful, creative, and fun, pure fun, it's something that i probably will love it even more the second time i see it, but as of right now, Barbie was a good time, definitely recommended and with this movie somehow it's actually possible to have a live-action Barbie movie, all you need to have is a good writer, good director, and good cast, and they delivers mostly.",/review/rw9221648/?ref_=tt_urv
12,23 July 2023,Revuer223,6," Could Have Been Great. 2nd Half Brings It Down.
","The quality, the humor, and the writing of the movie is fun for a while. It's quirky and it's unique. When they get into the weeds and try to explore deeper themes, the movie is a miss. The middle expositional phase of the movie, I must say, is a bore.",/review/rw9221648/?ref_=tt_urv
13,29 August 2023,antoniatejedabarros,3," Disappointing: terribly preachy and horrendous script. Great cast.
","Margot Robbie and Ryan Gosling are really great in their roles of Barbie and Kent. Gosling is specially hilarious. I expected a funny, cool, deep and entertaining movie, but I was highly disappointed. The movie is so terribly preachy that ends being an embarrassment. We (the audience) have brains, so, please, preach somewhere else. Furthermore, this is a movie to divide, not to unite. And I'm a woman. The script of the movie is horrendous and the direction is plain bad. There are some great actresses that have too little to say, like Emma Mackey, and that's a pity. Overall: a huge disappointment and a missed opportunity. 3/10 (1 point for Margot Robbie, 1 point for Ryan Gosling, and 1 point for the art direction (super tacky and pinky, as Barbie's world).",/review/rw9221648/?ref_=tt_urv
14,24 July 2023,heatherhilgers,9," A Technicolor Dream
","Wow, this movie was a love letter to cinema. From the Kubrick reference at the opening, to the soundstage being 100% real - no cgi for the sets. There were dance sequences like in the olden days (think Grease) and the costuming , wow the costuming. Greta Gerwig dug deep to make this masterpiece using all of her technical chops along the way. The casting director also nailed it, everyone was wonderful.",/review/rw9221648/?ref_=tt_urv
15,27 August 2023,kayleewillis-85920,6," OVERHYPED
","This is a movie that was way overhyped. Everyone kept saying it was so amazing, but when I finally go to watch it, it was not at all what I thought it was going to be. The storyline was not good. It was a basic and corny storyline, in my opinion.",/review/rw9221648/?ref_=tt_urv
16,19 July 2023,jpismyname,8," Fun and surprisingly touching
","I was honestly doubting this movie at first, but surprisingly I find myself really liking it quite a lot.",/review/rw9221648/?ref_=tt_urv
17,24 July 2023,lokicola,6," Strong Start... and That's It
","I walked out of the theatre thinking, ""Yeah, I had a good time in that movie"". But as the day went on I kind had that ""Ok, that kebab probably wasn't a good idea.""",/review/rw9221648/?ref_=tt_urv
18,9 August 2023,L3MM3,," Boring, mind-numbing drivel
","I do not usually write reviews, but this is beyond description. Last time I wrote a review it was for the absolutely horrible wrinkle in time. This is almost as bad. At least Gosling plays his part well, but the story is abysmal. If you can find anything else to do like watch paint dry, then yes please do. You will save your brain cells the agony of a painful slow ..... nearly two hours long this was mind-numbing storytelling at its mediocre worst. How many ways can I say do not go see it if you have a choice. See anything else but this exercise in horrendous cliches and exaggerated self-importance. If I could give it negative 10 stars I would.",/review/rw9221648/?ref_=tt_urv
19,22 July 2023,finnconnelly-63017,10," Ken out of ten
","Wow. I did not see this masterpiece coming. And that's not a joke. Somehow, Greta Gerwig took Barbie, and made a movie that tackles some really tough social issues....well? It's crazy. But wow, does it work. The story is very mature, thinker of a plot. Once you're done laughing your butt off, you'll get really emotional. The production design is so on point. The whole movie is pink everything, but it's never polarizing. All the shades melt together in a very pleasing way. And of course the cast! Margot Robbie was born to play Barbie, and she hits a home run, but Ryan Gosling. This dude rocks as Ken. He knocked it all the way around the world and hit himself in the back of the head. He steals every scene he's in, and I would be so on board with a Ken spin-off. America Ferrara and Simu Liu are also great in their respective roles, but the cast overall is just perfect. Overall, Barbie is probably the best movie based off a toy (sorry LEGO Movies) and an overall fantastic time at the movies.",/review/rw9221648/?ref_=tt_urv
20,19 July 2023,hamsterination,6," It could have been so much better...
","The film's universe and settings are fantastic. The casting is really good too, with Gosling excelling in the role of Ken.",/review/rw9221648/?ref_=tt_urv
21,3 August 2023,AngelHonesty,5," Not what I Expected
","I played with barbies a lot as a kid, so I thought this movie was going to be fun. The trailer looked great, I thought, why not, let's have a girls movie night, kick back relax, watch a funny iconic movie about my favorite toys as a kid. But I was greatly let down really fast. The movie was all about a strong message of what a woman is, what a man is, how the world defines those roles and how we should just be whoever we are. There was nothing in the movie that made me laugh. It all felt kinda heavy with the message they were telling. It's definitely not a kids movie either, I don't think they would understand half of it. Really wasn't happy with the movie.",/review/rw9221648/?ref_=tt_urv
22,20 July 2023,Genti25,8," You are Kenough
","This movie is so much fun. It starts off really strong although the story does move away from ""Barbieland"" sooner than I would have liked. Nonetheless, it regains its footing with the final act in particular and I could not stop laughing at Ryan Gosling's portrayal of Ken. That song will forever be stuck in my head.",/review/rw9221648/?ref_=tt_urv
23,20 July 2023,fscsgxp,6," Amazing Cast & Set, but the political message was too strong
","I've been excited for this movie for over a year. The casting was perfect and the acting was amazing! The set was next level, the tiny details were all there and even the highest barbie fan couldn't ask for anything more from it. It is PERFECTION.",/review/rw9221648/?ref_=tt_urv
24,23 July 2023,herrcarter-92161,5," Somewhat of a Jumbled Mess
",My 15-year old daughter wrote the following review and posted it to my IMDB account.,/review/rw9221648/?ref_=tt_urv
25,1 August 2023,zkonedog,10," An Amazingly Perfect Blend Of Social Satire & Fun
","For a film like ""Barbie"" to succeed, every aspect had to come together perfectly. It needed to consummately balance satire with fun, the casting had to be spot-on, and the writing/directing required to pull off such a feat would need to be exquisite. Somewhat remarkably, that is exactly what writer/director Greta Gerwig pulls off here to create the best movie of summer 2023.",/review/rw9221648/?ref_=tt_urv
26,29 July 2023,planktonrules,6," Good...not great
","""Barbie"" is a movie that is setting all sorts of records, so it's obvious that the film is touching many people. For some, it's the fun of seeing a doll come to life, for others it's the theme of empowerment that make the movie a big hit. As for me, I did like it and thought it was a pretty good movie...but it's not for everyone.",/review/rw9221648/?ref_=tt_urv
27,19 July 2023,andypaps101,8," ""Barbie"" - A Multifaceted Exploration of Femininity, Consumerism, and Existentialism
",I got free tickets for a preview and to be honest I was more than a little embarrassed to go. I did not tell a soul. As a cool middle aged gentleman if word got out this could have really affected my street cred.,/review/rw9221648/?ref_=tt_urv
28,21 July 2023,andermic18,6," No Direction
","The movie was very funny and really enjoyable to laugh at with the full theatre. However, the messages of the movie were the problem. I was never really sure what I was supposed to take away, there was nothing about finding equality or love it was all about how every man cat falls every woman or women can't be anything. It was really silly because there was no accurate reflection of America at any single point except for Barbie getting called a Fascist for no reason by a 14 year old. I enjoyed how they called out women for hating women and how they really tried to preach empowerment and the ability to be anything, but at the same time there was so much resentment and they ended the movie by reinstating hate. The majority of the movie was hating men as much as possible. That's just whatever because what really matters is the story. Well it fell short on that mark and it was really disappointing. The pacing was horrible, the villain won and was pretty irrelevant in the long run, the story was all over the place, and it is totally not for kids. I think the worst part is how disappointed I was at the opportunity to really make something special and it just wasn't. 6 points for all the laughs and fun I had and I would expect 6-7 to be an appropriate rating.",/review/rw9221648/?ref_=tt_urv
29,4 August 2023,thePopcornExplorer,9," I don't see how it was preachy
","In this day and age with society overall becoming more and more polarized and our leaders around the world doing nothing to improve dialogue, it seems that people became broken records. Now everything in the movies and TV shows is perceived as preachy, not everything is a conspiracy, people need to consider that movies and TV shows at its core, and specially the good ones, are about sharing perspectives and allow the audience, if their minds are opened to it, to acknowledge all sides of the stories.",/review/rw9221648/?ref_=tt_urv
30,19 July 2023,tm-sheehan,6," Didn't hit my pink spot
","My Review - Barbie
In Cinemas now
My Rating 6.5/10",/review/rw9221648/?ref_=tt_urv
31,27 August 2023,max-850,4," Preacher Barbie?
","I believe I came to this movie with an open mind. In my opinion a movie balled Barbie needs to be a comedy. And while there were pieces here and there that were funny, for the most part we (and everyone in the theater) only laughed occasionally. The production design and costumes are great. The screenplay is the weakest part. The direction is next weakest. And those two caused a great cast to overact. When this movie takes itself seriously it gets tedious. It's preachy. We are constantly being told what we are seeing and what we should think about what we are thinking. This is not engaging. Why can't we think for ourselves based on what we see? I hated being treated like a ten year old and being spoonfed the morals, thoughts and feelings. But then maybe the target audience is ten-year-olds. In any event, I thought it would never end. By the time they were talking about ordinary Barbie, all I could think was ""Sanctimonious Barbie.""",/review/rw9221648/?ref_=tt_urv
32,29 July 2023,cmdown-50506,9," Now I am become Barbie Girl, the enjoyer of Barbie worlds
","I have been waiting for this to release for so long and I finally got to watch it today. I absolutely loved it! It was fun, it had Margot Robbie (and extra stuff for Tarantino's out there if you know what I mean) And it had some absolute bangers! What more could you want from a new summer classic?",/review/rw9221648/?ref_=tt_urv
33,15 September 2023,maxlagerholm,6," Excellent marketing team.
",They really did some fantastic marketing with this movie.,/review/rw9221648/?ref_=tt_urv
34,24 July 2023,brianjohnson-20043,4," This movie tries to be too much
",I wanted to like it. But I just didn't. The story wasn't very compelling to me because it seemed as if the entire point of much of the movie was to provide learning moments for viewers with some slapstick comedy and quick-delivery comedy. The story itself should nearly always be more important.,/review/rw9221648/?ref_=tt_urv
35,21 July 2023,masonsaul,10," The best version of itself
","Barbie is everything expected of it and so much more, a self aware and meta comedy made for fans and newcomers alike that's also incredibly profound, layered and really funny. It's the best version of itself and just immensely satisfying that the Barbie movie that got made on this scale is so weird and unique.",/review/rw9221648/?ref_=tt_urv
36,24 July 2023,GhostFoxX,6," Misleading.
","I personally expected the movie to be fun and adventurous. Correct me if I'm wrong, but isn't that what it is supposed to be? It's literally a movie about Barbie. Instead, it felt more like an agent of woke culture, and basically Mattel's (the company that produces Barbie dolls) way of capitalizing the emotional aspect of the cinephiles to make their business more popular and trendier. It continuously tried to portray the fact that Mattel is no more producing white barbie dolls, it is now producing dolls of all colors and races. Well, that is definitely a good thing, but making most of the movie focus on that aspect felt very boring and wrong. If they didn't quite make a movie that is fun and adventurous, why make the marketing events misleading? They could've just focused on the audience for whom it was made, rather than on the entire world through their absurdly irrelevant marketing events that made the world think that this movie is going to be all about fun and adventure. Sadly, it was not nearly as enjoyable as the misleading marketing made it seem.",/review/rw9221648/?ref_=tt_urv
37,21 July 2023,imdbmovieguy,," Honestly - not funny and light enough
","I really enjoyed the first 20 minutes of the movie. It was very upbeat, positive and light. However, things soon became negative about 20 - 25 minutes into the movie. I couldn't stand it. Barbie's world and attitude was a constant bummer. Ken's attitude was sour. For the next hour (and more) the movie just lived in negativity.",/review/rw9221648/?ref_=tt_urv
38,19 July 2023,anjamulder,8," not for everyone
","This is very much a movie that will get devided opinions on it, my cousin said well this is two hours of my life i will never get back, and me? I left the theatre in such a good mood. It was the sense of humor for me, laughed so hard. Specially Ryan Gossling was sooooo good and funny, many familiar faces to spot also. And margot robbie come on... the perfect casting for Barbie. I also have to say, the way they created Barbie land was so amazing, it just makes you just want to there. I don't really have anything bad to say about this movie. I can understand not everyone will love it. But i am sure it is a iconic film already.",/review/rw9221648/?ref_=tt_urv
39,19 July 2023,mark-217-307033,6," Fun film whose script falls in on itself
","Margot Robbie's performance is perfect, and no other actor could've embodied the character as well as she does. However, Ryan Gosling is the film-stealer. I often forget his comedic talent, and he's given a lot of room to flex it in this. A cleverly executed Matchbox Twenty joke is particularly memorable.",/review/rw9221648/?ref_=tt_urv
40,23 July 2023,eoinageary,8," I am Kenough
",So I went into the movie with little to no expectations and I was pleasantly impressed with the movie overall.,/review/rw9221648/?ref_=tt_urv
41,21 July 2023,arslanmanzoor123,6," Quite disappointing
","Some friends freaking out that I went to see Barbie lol I mean I mentioned I went coz my sister insisted since ages. Anyway the movie was bad. These days, every other director and producer wants to convey messages about women rights and feminism through whatever platform possible and this movie was a perfect example of that with sheer cringe to convey all that. I wished I had gotten the ticket for Oppenheimer in the same timings as my sister's Barbie show. Other than that, the acting done by Margot Robbie and Ryan Gosling was great so can't take that away from them. They did justice to their roles.",/review/rw9221648/?ref_=tt_urv
42,21 July 2023,MaskedMinty,5," Preach Preach Preach
","Let me start by saying that I'm by no means a conservative or traditional woman. I believe that inequality for women still is rampant even in first world countries and that we go through many problems. But damn...this movie is so corporate and shallow. It's clearly ordered and tailored by executives at Mattel to rebrand and sell more dolls. The movie starts well and has the potential of becoming something very good, but then it just goes downhill: the premise of the owner's feeling being projected onto the doll was going to lead to a very nice build up about a person's life journey and then Barbie and Ken go to the human world and cue in the speeches and preaching. This movie suffers from a bad case of showing and not telling, they keep repeating the same dialogues: patriarchy bad patriarchy bad patriarchy bad sexism sexism sexism, not even one time but MULTIPLE TIMES. These characters go into random rants like its a ted talk! The chemistry between the mother and daughter is absolutely nonexistent and their relationship is so cringe, You cant root for them or feel their feelings at all. Barbie should have understood how Kens had been feeling in the Barbieland the whole time which is a mimic of how many women are still treated in the society: just existing for the gaze of a woman (man). Yet what do they do? They manipulate them (with a super nonsense plan) and force them back to their original position while she gives him a half assed apology that could have been done better and end up to a more accurate point about equality. (I guess this is again meta and a reflection of how women are pitted against each other while people in charge benefit from that but its so badly done that it feels meh.)
I can imagine that in the boardroom they went through a discussion like this: People are going to think this is a feel good movie so we need to give them something deeper but also lets make it absurd and fast paced so that we can finish the plot quickly and also jump on the ""not taking itself serious"" bandwagon and also market these dolls again in the age of smartphone kids. The only reason this movie gets at 5 from me is the humor, which sometimes becomes very meta and creative and Margot Robbie and Ryan Gosling have acted very well. Besides this, they could have just given us a simple feel good movie and I would have respected the creators more. Pass.",/review/rw9221648/?ref_=tt_urv
43,23 July 2023,subxerogravity,8," It's like G.I Joe...For girls! Seriously, and I love it for that!
","I mean, Margo Robbie as Barbie just made perfect sense, but I really wanted to see the movie when I herd that Ryian Gosling was going to be Ken, I just thought that would be hilarious and I was right!",/review/rw9221648/?ref_=tt_urv
44,19 July 2023,AvionPrince16,6," Barbie land and reality
","Im not really disappointed or love the movie to be honest. It was kind of weird and strange at the beginning: we understand it later because we are in the Barbie world. So they played with the culture reference of the barbie, the dolls and what they represent: an ideal world with where the womans are in power. Things will get pretty normal after they enter the real world and all the problems: sexual remark, womens and their place in society (the inequality with mens.) I was pretty sure they will talk about the problems with womans and their complex because of Barbie and the perfect women she is and how this is contrasted with the real world. Its pretty obvious that they will talk about it. I love also how Ken will also notice how mens are more powerful in the real world: its like everyone see that reality is not really what they perceived themselves in their own reality and power will shift also later in Barbie Land. I understand why they act like this and stuff but i didnt really get into the movie to be honest: i only identify myself when they talked about society and business but all the musical things, the choregraphy and even the morality was kind of superficial. But i enjoyed that Barbie realised the problems of our world and compare to her own. Some moments was funny and some more serious or drama sometimes even if its pretty soft because we are in Barbie Land. I mean i spend a great time but it was kind of ok. And i still think its a great Barbie movie: the task was not easy to represent that world but i enjoyed the set design, the colors, the camera movements. I think people who played with Barbie dolls or just know the universe will be happy; they have a lot of references to the world and a lot of Barbie references to the dolls and the differents clothes and the impact of her in society. Some moments were also absurd ( the fight with all the Kens). Its good anyway.",/review/rw9221648/?ref_=tt_urv
45,25 July 2023,Dello_,4," Funny and sharp first half, boring and baffling second one
","I had great expectations for the Barbie movie, mainly because of the writers (Greta Gerwig and Noah Baumbach) and the stellar cast with Margot Robbie and Ryan Gosling leading the way. Unfortunately I found myself disappointed, bored and shocked by some messages the movie tries to convey.",/review/rw9221648/?ref_=tt_urv
46,23 July 2023,Anurag-Shetty,10," A wholesome delight!
","Barbie is based on Mattel's iconic plastic dolls of the same name. Barbie(Margot Robbie) lives a very happy life in Barbie Land, along with her fellow Barbies, Ken(Ryan Gosling) & his fellow Kens. Suddenly, Barbie goes through an existential crisis that makes her question Barbie Land & the truth of her existence.",/review/rw9221648/?ref_=tt_urv
47,19 July 2023,dreopdreef,6," Not so unique as expected
",The concept of a Barbie movie is really unique and got me all exited. But unfortunately to me it delivers the same messages that we keep hearing as of lately.,/review/rw9221648/?ref_=tt_urv
48,21 July 2023,rannynm,10," What A Film! I Was Ecstatic About Seeing Barbie And It Definitely Exceeded My Expectations By Far.
","What a film! I was ecstatic about seeing Barbie and it definitely exceeded my expectations by far. As much as I was excited, I was a bit scared that the stakes were too high; after all Barbie is an icon and a part of so many people's childhood. For a film like this it's very easy to create something corny, disappointing, or unappealing to viewers. I'm so glad that Gretta Gerwig stepped up to the plate and created an absolute masterpiece.",/review/rw9221648/?ref_=tt_urv
49,25 July 2023,spika13,6," Too overrated
","Its like watching at ""Truman's show"" but all the set it's pink color with a hint of extreme feminist ideas. I grew up with barbie dolls and I felt very disappointed, I was expecting a different kind of story, the ending was the worst. I think the message should be more with the real feminist concept of Simone de Bouvoir, we all deserve the same rights. In the end Instead of just Barbie Land they should changed as; Barbie and Ken Land.",/review/rw9221648/?ref_=tt_urv
50,23 July 2023,Jeremy_Urquhart,8," Surprisingly good
","I think part of my brain rejects this for being a feature-length toy commercial, but it's a very small part of my brain (and that really wasn't where my mind was for the majority of the movie).",/review/rw9221648/?ref_=tt_urv
51,1 August 2023,badreviewer,6," This Barbie is dissapointed.
","Yes. Day by day it becomes more obvious that now the movies are made just because of the income they generate and nothing else. Ok, Barbie itself was not a creative idea, I know. And actually I didn't expect to see something unseen something unique in the first place, all in all it's ""Barbie"".",/review/rw9221648/?ref_=tt_urv
52,1 August 2023,fredrikgunerius,5," A trite, divisive and most likely futile battle of the sexes
","The big summer blockbuster of 2023 is a wonderful visual spectacle with a great deal of creative physical comedy, centered in and around the universe of Barbie, Mattel's historic toy doll. Unfortunately, the film tries to be and do much more than what the filmmakers ultimately are able to control and reel in. That a movie about Barbie would be guilty of Americanization is no surprise, and in many ways more than befitting, but the Americanization here isn't just about the history of the toy itself and all its cultural impacts - Barbie also views everything through the eyes of Hollywood anno 2023 - which arguably is a very particular and perhaps not that representative outlook. Instead of utilizing the fine foundation laid in the film's first third, director and co-writer Greta Gervig (Lady Bird, Little Women) gets herself lost in a trite, divisive and most likely futile battle of the sexes, which will leave youths - and perhaps particularly Europeans - feeling confused and conflicted. The filmmakers' supposed toying with stereotypes ultimately becomes more of a playing into them, especially towards the end when Gerwig staggers along desperately looking for closure and something meaningful to say. Alas, Barbie has ended up as a rather sad symptom of our times, when it could have been the wonderfully funny piece of femininity-appraising escapism it started out as. There are nonetheless several highlights here, such as the delightfully absurd opening sequence (a fine nod to Kubrick's 2001), the initial introduction of Barbie and Ken's days in Barbieland, and - of course - their first encounter with the real world.",/review/rw9221648/?ref_=tt_urv
53,27 July 2023,tylertubisjr,10," Barbie with a life lesson
","I was not expecting this movie to be great; I'm not into this kind of stuff, but still, I watched it, and man, it was great; some scenes are relatable to how people react to something nowadays, like, come on, everything and everyone can be cancelled, the overall acting of the cast is super great. I love it; almost all the song are catchy and complements the movie (like this song, by the way (Im just Ken)); the production set for this film is majestic, and parts of the movie are touching and somewhat relatable to our everyday life, and there can be something to learn from, very recommended to watch this with your whole family and friends.",/review/rw9221648/?ref_=tt_urv
54,29 August 2023,adamblackshaw-14445,6," Did I just watch a 2hr Mattel advertisement?
","BARBIE is a great example of hype over substance. It is laugh out loud at times and Gosling steals every scene he's in. The art direction is on point. What makes it tiresome is THE MESSAGE pummelled into the audience, but then were we expecting any subtly? Probably not. Ultimately my wife just thought, 'I already know this. I don't need to hear it. But maybe some women do?' I get her point. In the end it felt like we were being sold Barbie Dolls as some kind of icon of feminism. But seriously, they are a very poor example of female role models. Not surprisingly Mattel was one of the producers.",/review/rw9221648/?ref_=tt_urv
55,23 July 2023,jacobarch,3," Did I watch the same movie as everyone else lol
","While the production value, cinematography and acting were what you would expect from Margo Robbie and the supporting cast. I felt the movie fell short of not preaching to me and spreading a message of division rather than unity. Men and women cannot survive without each other but you'd never know it watching this movie. And me having my 13 year old daughter with me almost caused me to walk out of the theater. I kept on waiting for the writers to hit the direction of unity but it never came. After the movie my daughter brought up the message to me saying how she even noticed the weird agenda they're trying to push and said that is not a movie for the easily impressionable. Come to find out my daughter is better suited to take on the world that I thought she was. Proud day for me as a father.",/review/rw9221648/?ref_=tt_urv
56,10 August 2023,adamjohns-42575,8," A sheer pleasure to watch.
",Barbie (2023) -,/review/rw9221648/?ref_=tt_urv
57,23 July 2023,jacquihives,6," I had no expectations but was still underwhelmed
","I loved barbie growing up, and even at 42 years old I couldn't wait to go see the movie! I didn't have any expectations because I had no idea how they could make a movie about barbie that's for adults and not kids. I adored Barbieland, but unfortunately they leave it behind so fast and with it they also leave behind everything good about bringing barbie to life in a movie! It got silly, had no storyline, was overly political and woke, man bashing and made men silly, and I really didn't care for the ending which is just as well because it was abrupt and crude.",/review/rw9221648/?ref_=tt_urv
58,23 September 2023,Kirpianuscus,," fist of questions
",It seems very simple to define it . But the definition is more about yourself .,/review/rw9221648/?ref_=tt_urv
59,11 August 2023,tuticmerima-54865,10," Love it üòç
","The beauty in the movie isn't merely skin deep. The story woven throughout Barbie is a true testament to the power of belief in oneself and the importance of friendship and teamwork. Barbie's determination and courage in the face of challenges inspire viewers to embrace their own strengths and strive for greatness. The characters in Barbie are wonderfully developed, each with their own unique personalities that add depth and charm to the narrative. Barbie herself, with her resilience and strong sense of justice, is a shining example of a positive role model.",/review/rw9221648/?ref_=tt_urv
60,30 July 2023,ferguson-6,6," serious Barbie
","BARBIE (2023)
Greetings again from the darkness. A reasonable assumption could be made that a movie based on a doll so popular with pre-adolescent girls would be geared towards that audience. However, this is the era of comic book movies targeting ""grown-ups"", and since we know, based on her previous work (the exceptional LADY BIRD, 2017), Greta Gerwig is an intelligent filmmaker, a more reasonable assumption is that she purposefully aimed the movie at women who once played with Barbie dolls and now fill their days with work, family, and adulting. This strategy has proven to be box office gold, and the heavy dose of cosplay at screenings proves the lasting impact this plastic doll has had on many women who lined up for tickets.",/review/rw9221648/?ref_=tt_urv
61,22 July 2023,DoNotComeToTheCinemaDepressed,10," üè© Possibly a Masterpiece? üíí
","I Understand that Some People are Going to Have Big Big Problems with Some of the Messaging within this Film. But Sometimes, in Life üòÇ, You Just Have to Go With It.",/review/rw9221648/?ref_=tt_urv
62,7 September 2023,Snootz,6," Great presentation, but what point is it making?
",This is an odd movie. On the one hand the presentation of the Barbie world... and Mattel making fun of itself... is fantastic.,/review/rw9221648/?ref_=tt_urv
63,22 July 2023,shadowtramp,5," More of a marketing flick
",The brilliant marketing is what led us tonight to pay for the tickets. The brilliance ends there.,/review/rw9221648/?ref_=tt_urv
64,31 July 2023,christinawilliams-64144,10," Barbie Fantastic!
","The acting was amazing. Ryan Gosling should win an award for this. There was much laughter, tears, dancing, and conflict which all played out well. The acting resembled the characters as toys, down to every little detail. Phenomenal acting! The movie shows that Barbie and Ken, and the other characters have been completely thought out. The development was very deep and relates to the audience very well. The dialogue was great, too, as there was just enough of it, showing depth. Ties into the plot and theme thoroughly.",/review/rw9221648/?ref_=tt_urv
65,10 September 2023,Lincsobserver,6," Colourful, but confusing
","Who exactly was this film aimed at? Most of the audience when I saw it were adolescents, and there were numerous (perhaps too many) colourful song and dance scenes, which might have appealed to younger viewers, but also a lot of philosophical debate about gender roles and inter-relationships that would have gone over their heads, particularly as these were delivered at a frantic, garbled pace. There were some good comic scenes, and stand-out performances by Margot Robbie and Ryan Gosling, but as the film wore on, it all became a bit preachy. The message seemed to be about finding self-fulfilment rather than romance. Okay, not every film, or every life, has to end in a fairy-tale romantic coupling, but the emphasis on individual fulfilment within the support structure of the sisterhood seems a little bleak. It also makes nonsense of the final confusing pay-off line of the film.",/review/rw9221648/?ref_=tt_urv
66,14 August 2023,stusby,4," A triumph of marketing for a poorly realised story
",It's weird seeing a movie that puts gay male culture front and centre of a lesbian-free world.,/review/rw9221648/?ref_=tt_urv
67,29 July 2023,Vic_max,," A lot like The Lego Movie - except for the 2nd half
","As a guy who never played with Barbie dolls, I was surprised to be caught up in the enthusiasm to see this movie; I purchased tickets well in advance when they first went on sale.",/review/rw9221648/?ref_=tt_urv
68,25 July 2023,mr_bickle_the_pickle,8," Life in plastic, it's fantastic!
","It's an incredibly fun movie. Lots of laughs. Very campy over the top humour. But also surprisingly touching. My favourite scene of the movie is just rather a small quiet moment where Barbie is observing every day life and tells an old woman how beautiful she is. Margot Robbie shines in the lead role. Ryan Gosling clearly was having a lot of fun with the role, but don't sleep on Michael Cera as Allan. I know a lot of people say that Ryan Gosling is a scene stealer, but personally I thought Michael was.",/review/rw9221648/?ref_=tt_urv
69,23 July 2023,agjbull,6," Just a little empty
","I really wanted to enjoy this and I know that I am not the target audience but there were massive plot holes and no real flow. The film was very disjointed. Ryan Gosling as good as he is seemed to old to play Ken and Will Ferrell ruined every scene he was in. I just didn't get it, it seemed hollow artificial and hackneyed. A waste of some great talent. It was predictable without being reassuring and trying so hard to be woke in the most superficial way in that but trying to tick so many boxes it actually ticked none. Margo Robbie looks beautiful throughout, the costumes and the sets were amazing but the story was way too weak and didn't make much sense at all.",/review/rw9221648/?ref_=tt_urv
70,23 July 2023,nethy-nho,10," Barbie is not a simple live action of a timeless doll
","But it is also in its smallest details, from the art direction, costumes, and any technical choice completely thought of referencing all Barbie generations and the like. A soundtrack that will take you from laughing to crying (yes, very musical moments, after all it is a Barbie movie), in addition to the hand-picked cast, Margot is impeccable and manages to express all her feelings, just with her eyes. Greta's direction and screenplay, just amazing, strong, emotional, empowering and very, very feminist, not only for the women who are already fighting for the cause, but to open everyone's eyes to a sisterhood.",/review/rw9221648/?ref_=tt_urv
71,23 August 2023,the_oak,7," Brilliant first part, second part a bit confusing
","I loved the first part of this movie. There is a a lot of excitement, wonder, meaning and humor. The main actors are very good and it all seems to be going so well. Barbie is looking for the girl who owned her in the real world. Ken hides in the back seat and comes along. At a certain point the movie becomes a story about the patriarchy suppressing women. There are some long speeches that really do not have a lot of emotional impact. At the start of the movie Ken is a puppet in Barbie world where Barbie controls everything, then it seems like they try to make the point that men and women don't need eachother and I don't think that is right. I think the movie should have been more fair to how men and women can be a great team in stead of being individuals and at odds. All in all I liked the movie, but it could have been better. If I'm saying that because I am a man and just don't get the plights of womanhood, then I'm sorry, but my experience in my own life is that it's not easy to be a man in this world of hours, I don't believe it's the case that men have all the advantages. Ken constantly confess his love to Barbie, but the movie says that his love is not real because he doesn't own Barbie. This to me does not represent men well. When I look around in the society I live in, I don't see men who own their women. I see men and women who love eachother and want to live together and I don't see what's wrong with that. I guess it would just be too traditional if that was the conclusion in this movie.",/review/rw9221648/?ref_=tt_urv
72,1 August 2023,tforbes-2,10," Mind blowing
","Barbie is simply a mind-blowing experience, and in a truly fine way! I was taken aback with the 2001 opening, since I have a personal aversion to seeing toys get destroyed, but then it starts to unfold.",/review/rw9221648/?ref_=tt_urv
73,26 July 2023,JPARM-IMDb,6," Expected more from Greta Gerwig
","Even though I'm not the target audience for this movie, I thought Barbie might impress me due to Greta Gerwig's previous works but I'm disappointed.",/review/rw9221648/?ref_=tt_urv
74,22 July 2023,fernandoschiavi,5," ""Barbie"" is fun and visually beautiful, but unfortunately Barbie doll was dragged into the cultural war, used as a puppet by political militancy
","Despite the strong commercial tone, it is still possible to perceive that we are watching a film by Greta Gerwig, director known for dramatic comedies that capture the complexity of femininity in an original way - although, in this case, it is almost inevitable to fall into some clich√©s. The undeniable feminist tone exists through the presence of this female director - in addition to Margot Robbie herself as a producer. ""Barbie"" has sharp and intelligent comments on the dynamics between men and women over time and also on how these social roles are seen and problematized today. And the film does it with a big heart: the story is genuinely fun, with a humor that walks between acidity and innocence, but also moves with the existential journey of its protagonists, reserving touching moments and provoking reflections, especially in its final stretch. Debauchery is the great ally of Gerwig and Baumbach to deal not only with sexism, but also with the ""corporate"" issue. It won't be strange if you catch yourself thinking ""how did Mattel let this film see the light of day?"" Laughing at yourself, after all, seems to be a prerequisite for establishing communication with a young generation of consumers who associate their consumption habits with a critical eye on consumerism itself.",/review/rw9221648/?ref_=tt_urv
75,27 July 2023,sanadalsalt,10," Laugh, Reflect, Repeat: Exploring the Wonders of 'Barbie'
","Oh my goodness, where do I even begin with ""Barbie"" (2023)? This film is an absolute delight and a true masterpiece that will leave you in awe. Directed by the incredibly talented Greta Gerwig and starring the stunning Margot Robbie as the iconic doll herself, ""Barbie"" is a cinematic experience like no other.",/review/rw9221648/?ref_=tt_urv
76,23 July 2023,dmmart-28624,6," Great if not ham-fisted message but a sloppy movie.
","I was pretty excited to see this film and hope I'm not going to get put on a list for saying I didn't enjoy it that much. The message of female empowerment was fine, but didn't really speak to gender equality. Barbieland is the opposite of real world where Barbies are in control and kens are perceived as the mindless accessories. However, the ending just puts Barbies back on top and doesn't do much to equality which I hope is our goal. The movie itself was very sloppy and all finish with no build up. You could tell the writers had ideas of what they wanted to have happen but had zero clue how to get there. They wanted Ken to take the patriarchy back to Barbieland but this happens immediately and off screen despite the Kens being bumbling morons the entire movie. It's all payoff and no buildup. Good acting from a strong cast made this more fun to watch but when you start thinking a little deeper it didn't make much sense. I think this was a made for tik tok movie where there's 100 great scenes to throw up on the internet but not very cohesive when put together.",/review/rw9221648/?ref_=tt_urv
77,21 July 2023,jonathanruano,2," Barbie - Unspeakably Bad
",I am not surprised in the least that the Barbie movie is trash and a truly deplorable career choice by Margot Robbie who will probably be type cast forever in Barbie-type roles.,/review/rw9221648/?ref_=tt_urv
78,22 July 2023,lisacarlson50,10," Creatively Brilliant
","Brilliantly written by Greta Gerwig and Noah Baumbach. Everyone in this is fantastic. It's a wink at nostalgia and commentary on society. Never played with Barbies but my daughter did. Tribute to the inventor of Barbie, Ruth Handler. Helen Mirren narrates. Kate McKinnon almost steals the movie. Not a movie for little kids but most of the references will probably go over their heads. My girlfriend and I laughed out loud many times. It's about 20 minutes too long for my taste. The music is spot on. It's a perfect summer movie. Guess what? It has value and substance. Margot Robbie is not only gorgeous but more importantly, she's highly intelligent as actor and producer. This movie is going to make bank!",/review/rw9221648/?ref_=tt_urv
79,30 July 2023,msbecca00,6," Not as clever as it thinks it is
","I went into the film having high expectations, the marketing for Barbie has been really effective, I have to give them that. I had also heard good things about the movie from friends and co-workers. So I went to the cinema with my friend, dressed in pink.",/review/rw9221648/?ref_=tt_urv
80,20 July 2023,PedroPires90,8," A triumph
",I appreciated it but wasn't a huge fan of Greta Gerwig's first two films. I knew absolutely nothing about Barbie except that it was a doll. The trailers didn't impress me. I slept less than an hour last night. I watched the movie alone surrounded by teenagers who cheered when the WB logo appeared in pink.,/review/rw9221648/?ref_=tt_urv
81,20 July 2023,FeastMode,7," I'll beach you off so hard
",I had no idea what to expect going into Barbie. I had no interest in seeing a movie about Barbie but was immediately sold on the highly talented Margot Robbie and the awesome Ryan Gosling. But I was still nervous that the comedy would be aimed strictly at women and would be difficult for a guy to enjoy.,/review/rw9221648/?ref_=tt_urv
82,20 July 2023,MatthewMichaelHoffman,10," Perhaps I treated you too harshly
",SCORE: 9.5/10,/review/rw9221648/?ref_=tt_urv
83,10 August 2023,arcelivez-753-983928,6," Honestly - no idea why people are so hyped up with this
","Honestly I really have no idea why this movie seems to be so popular. Again honest - I went there just for Margot Robbie (I'm a married 34 year old male, and margot is one of my top 3 favorite actrices of all time, and arguably the most talented one from my list). And for that part it was totally ok. But the movie absolutely doesn't deserve an imdb rating above 5.6. The plot itself was very simple. Absolutely nothing particularly special in it. So if it is in fact getting rated so high just because of Margot alone, then why do her other movies don't get rated that well and get that much attention? Honestly I really don't understand and I think this movie is way too overhyped for no reason. And I have no idea why... For other movies that get hyped like that I do see the reasons why they're getting so hyped. So the movie is not awful, but it's rather average, if you're not going there specifically for Margot then I am pretty sure there will be multiple movies at your local cinema at the time you're reading this, which are way more worth watching than this one...",/review/rw9221648/?ref_=tt_urv
84,13 September 2023,ambusched94,4," Margot Robbie & Ryan Gosling's performances bolster a film with messaging that is heavy-handed and bordering on exhaustingly preachy most of the time
","The film opens strongly with Margot Robbie and Ryan Gosling delivering compelling performances. Their star power and acting prowess add depth to the movie. However, as the film progresses and Barbie encounters her human counterparts in the real world, the thin plot becomes more noticeable. Some viewers might have preferred a subtler approach to delivering the political message, as the film can be seen as overly direct, leading to a polarizing and preachy tone. This approach aligns with the directorial style and screenplay motifs commonly associated with Greta Gerwig.",/review/rw9221648/?ref_=tt_urv
85,6 August 2023,D4V1D2411,8," Fun enough to like it but easily to hate for its message
",": I feel confused about this movie, probably like a lot of people, on one hand I laughed as I hadnt with a movie in a long time and the vibe this movie has is just very appealing, but on the other hand while not being an anti-men movie and actually trying to have a deep message, it feels at some parts like a tantrum. The way it handles its feminist message is not the best, because while it tries to give a meaningful speach, it almost boarders with hate speach and ridiculization, I say almost, because a lot of this situations are just played by the laughs and when theyre not, while being bad, theyre not terrible. But this makes it sound like a bad movie, which barbie is not, at the end it manages to actually give a meaningfull speech about the wrong in the real world and takes some minutes to understand both sides. It is still not the best ending possible because it can be a little too ridiculous, when you have a movie thats like that all the time I dont think it matters all that much. And at the end of the day I took home with me the minutes of laughter this movie gave to me, an enjoying fun time that is worth watching.",/review/rw9221648/?ref_=tt_urv
86,19 July 2023,AvionPrince16,6," Barbie Land
","Im not really disappointed or love the movie to be honest. It was kind of weird and strange at the beginning: we understand it later because we are in the Barbie world. So they played with the culture reference of the barbie, the dolls and what they represent: an ideal world with where the womans are in power. Things will get pretty normal after they enter the real world and all the problems: sexual remark, womens and their place in society (the inequality with mens.) I was pretty sure they will talk about the problems with womans and their complex because of Barbie and the perfect women she is and how this is contrasted with the real world. Its pretty obvious that they will talk about it. I love also how Ken will also notice how mens are more powerful in the real world: its like everyone see that reality is not really what they perceived themselves in their own reality and power will shift also later in Barbie Land. I understand why they act like this and stuff but i didnt really get into the movie to be honest: i only identify myself when they talked about society and business but all the musical things, the choregraphy and even the morality was kind of superficial. But i enjoyed that Barbie realised the problems of our world and compare to her own. Some moments was funny and some more serious or drama sometimes even if its pretty soft because we are in Barbie Land. I mean i spend a great time but it was kind of ok. And i still think its a great Barbie movie: the task was not easy to represent that world but i enjoyed the set design, the colors, the camera movements. Its good anyway.",/review/rw9221648/?ref_=tt_urv
87,15 August 2023,ThereelscoopwithKK,4," Great Casting: But is it Satire or Social Commentary?
","The casting for the roles is pretty well spot on. Margot Robbie is an absolute superstar and nobody would fit the role of Barbie better. I liked the little joke when Barbie says ""I'm not pretty anymore. I'm not 'stereotypical Barbie' pretty and the narrator replies "" Note to the filmmakers: Margot Robbie is the wrong person to cast if you want to make this point."" Even when they try to make Margot Robbie less pretty they can't really achieve it. Robbie shines with charisma every time she is on a screen and this movie is no exception. Not only is she very attractive but her acting is superb as well.",/review/rw9221648/?ref_=tt_urv
88,21 July 2023,meltingmel,10," 10/10!!!!!!!
",Wow. WOW!!!!,/review/rw9221648/?ref_=tt_urv
89,20 August 2023,Leofwine_draca,6," A real mixed bag
","BARBIE is a film I find incredibly difficult to both review and rate. On the face of it, the trappings are pitiful and the tone is all over the place. The audience I saw it with were laughing at the dumbest jokes imaginable (like Gosling bouncing off the plastic wave) and missing all of the depth, which is what I personally found appealing. It's very hard to take such a tongue-in-cheek approach seriously, but then you could argue that it's deliberately bad, deliberately plasticky. Not that that excuses the bad acting from the likes of Ferrera et al. Despite this, the film's skewering of the patriarchy is spot-on, and Gosling turns out to be very good, stealing the film from the others. So it's a film I appreciate some parts of, and not others.",/review/rw9221648/?ref_=tt_urv
90,26 July 2023,sanadalsalt,10," An Unforgettable Delight!
","Oh, where do I even begin? Barbie 2023 is a tour de force that has left me utterly captivated, enchanted, and spellbound. Every moment of this cinematic marvel was nothing short of pure excellence, deserving nothing less than a perfect 10 out of 10 rating!",/review/rw9221648/?ref_=tt_urv
91,5 August 2023,pierreolivier-21287,6," What did I just watch?
",I feel... Confused? I guess?,/review/rw9221648/?ref_=tt_urv
92,23 July 2023,asayed-63121,9," Exceeds Expectations
","If you told me a few years ago that one of the best movies in 2023, and arguably the highest-grossing one is going to be Barbie, I would have laughed and called you crazy. But here we are, and the atmosphere in the theatre felt like a cultural revolution, which can become ""You just had to be there"" moment for the Gen-Zs.",/review/rw9221648/?ref_=tt_urv
93,3 August 2023,DanLawson146,7," Fun, but too on the nose at times
",POSITIVES:,/review/rw9221648/?ref_=tt_urv
94,1 August 2023,levybob,5," Why Didn't I Love This Movie?
","Why didn't I love 'Barbie'? I mean it's a brilliantly shot film. It's got a great Ryan Gosling, a very good Margot Robbie. Its heart is in the right place; its message is a good, politically correct, one. Its pacing is fine. Its not too long. So then, what was wrong?",/review/rw9221648/?ref_=tt_urv
95,25 July 2023,kimberlyely-27550,10," Everyone watch this
",Barbie,/review/rw9221648/?ref_=tt_urv
96,23 July 2023,sandrachungate,6," Great for the first 30 minutes, then not
",The trailers and marketing for the movie were so good that I was really disappointed when the movie took an odd turn after 20-30 minutes into it.,/review/rw9221648/?ref_=tt_urv
97,21 July 2023,michelle-kissler,5," Barbie, Swing and a Miss
","This film had the potential to become a cult classic with its strong cast, stunning costumes, and iconic character. However, it failed to live up to expectations, falling flat just like *spoiler Barbie's heels.",/review/rw9221648/?ref_=tt_urv
98,20 July 2023,mavigangi,10," A colorful love letter to human kind
","I cried, I laughed, I dance and I did sing too. What a joyful time I had at the movies watching Barbie. This is a movie to celebrate how diverse and complicated are the humans. The cinematography is a outstanding as well as the production design and the vestuary. The casting seems like made in heaven. I recommend this movie for 11+ years old. And if you have a teen at home, take her with you. Barbie goes from fun to introspection and I love a good comedy that makes you think. Ryan Gosling is the perfect Ken, he does everything in this movie and shines every time he shows up. Margo is a perfect Barbie and got a real sense of the relevance this is going to have.",/review/rw9221648/?ref_=tt_urv
99,28 July 2023,mohamed-elbehairy,6," Had some good moments but that's it
","I found the movie to be refreshing, but it's far from perfect.",/review/rw9221648/?ref_=tt_urv